sequence,y
EADECFFADCBDAD,1.0
CBABADEEFCBA,0.0
FCBABEBACBAC,1.0
FDDEDEDDFADAC,0.0
FCABCCFAE,1.0
AACAD,0.0
EBECFAFCBCAA,1.0
CDDEDBBCBDCFAD,1.0
ACDDDDCDBFBCF,0.0
AEEFAB,0.0
ACDDCAACBAEA,1.0
FAEEDCEECBFACA,0.0
AFECEECEC,0.0
AADCCEBEBCDE,0.0
EAFEADBACBCF,1.0
BBBECBAFCACDE,1.0
DBEABEACBC,0.0
ACACBABCCDDD,1.0
AFDAFBBCBBA,1.0
BFAFFBFCFDD,1.0
DCEEEEDA,0.0
CBACFDF,1.0
EDBFCDBF,1.0
CDDCCAFCDDAE,1.0
ECAFFADADCAEEC,1.0
CBFDEFBFEBA,0.0
AECEFCB,1.0
CDCBEBACCFCC,0.0
DCDDAFCDECC,1.0
BBAFCBAEFABFBB,0.0
DBCD,0.0
BADADFBFEAFBB,0.0
EACCFFEA,1.0
CECEAB,0.0
BFABEBACADE,1.0
CBADDAAEF,0.0
BFAAFEBA,0.0
EEAEABBCBBDEFC,0.0
FBCFAFCFFAD,1.0
AFFFEAD,0.0
DBBCACA,1.0
CFFDCB,0.0
CACCFABDBFCBDF,1.0
EFFBEEABCDBEE,1.0
AABBFCFCBBD,0.0
EDADCFEEECD,0.0
FAFEEDAFDABFE,0.0
CADADCBDAC,1.0
CBAB,0.0
ECBDCFBDFCDF,0.0
BAABCAFCCDBC,1.0
DFAEEABBCEFC,1.0
CDCEEED,0.0
DAAFFBFCAED,1.0
ABFFFEBABCEC,0.0
ACCBBCB,1.0
DEAEEECEEBEF,0.0
BBDAAFECBDCFEE,1.0
BBAACFBCF,1.0
BBCABEFBFD,0.0
EDEEEF,0.0
DFCDBCECDEBC,0.0
EFAD,0.0
DEBECCED,1.0
BABCCECB,1.0
BCBFABDCDDC,1.0
FFEAABEFCEF,0.0
DBCFBAEAFCCAFA,1.0
DABCCCCE,1.0
BFECA,0.0
ABEBECDBE,1.0
DCDCC,0.0
ECBEFABCCFBF,1.0
BABCCDCC,1.0
CAACEECB,1.0
ABABDDBCCDAA,1.0
ADACBADABCCCFE,1.0
EDBCABBABFCACF,1.0
FDBEFDECBFCADE,1.0
FAABCABACDCE,1.0
ADBEDCFACDC,0.0
CEDFFAACBEDB,1.0
ECABCCCAA,1.0
EFFDFECDC,0.0
FCEAD,0.0
EACCEBCA,1.0
CDAC,0.0
EAEDCBABDFC,0.0
AACCDFFA,1.0
CECAFBDAACEFBE,1.0
EADEDEBEBCCADA,1.0
EFEEECEABCBBFC,1.0
CBBABACFAD,1.0
DDFEFCCCC,0.0
EAFCDDEE,1.0
BAEDBFACCFBDE,1.0
CAFBBACFFB,1.0
ADCCCFD,1.0
CBEED,0.0
DBEEBD,0.0
EAAEFBFC,0.0
CDBAFCFCDC,1.0
CAFCAFBE,1.0
FDCA,0.0
EACCFCCFFDB,0.0
CBCFAAB,0.0
EECCDABCCDCB,1.0
ACABCCADF,1.0
FABCCAEE,1.0
AEDFDFDDDBAAE,0.0
DBECBAFBDECBBF,0.0
DDDDB,0.0
AADCBBCA,1.0
BBECADEA,0.0
FFEBDDDBECEDC,1.0
BFAAB,0.0
ACACFCA,0.0
BBCABCCEEF,1.0
BDCEDEFDCAEFAC,0.0
AEBFCBDCBEB,1.0
DCFDACEAEFDCC,0.0
CBEBADADD,0.0
DCAEEACBCCDAD,1.0
FEAFE,0.0
BFBEDAACCBCAC,1.0
DBEBCED,0.0
FEFCADEABCCDDD,1.0
CBCCABE,1.0
ABACE,0.0
EABCBDFD,1.0
CDBBFAEACAEC,0.0
BECEDCBAFF,0.0
DAEAFBBCBAC,1.0
DDDEBDAEEEDFEE,0.0
CEABCCBCE,1.0
BBFDD,0.0
EDBEDEABDCAEB,1.0
EFAEEDDD,0.0
DBABBECBCC,1.0
ABFFBACDEB,1.0
DAECEEAD,1.0
FCDADDE,0.0
FCAACCEEFD,1.0
EDBFCEADCCA,0.0
FCFAFAECFAFA,1.0
DCDBFAC,0.0
DBADFFACDBEBC,0.0
ECFDEFBBA,0.0
FDAFBACAFB,1.0
AAFCCCAF,1.0
EBFDCDCFA,0.0
ABDFBBDBACAAE,1.0
CDCDBFADE,0.0
DEFDAA,0.0
AACCDBBE,1.0
DFCFDBDDD,0.0
EFDBBCDDA,1.0
CEFECECBBBCDCF,1.0
DFDDBFCAEA,1.0
FDECCA,0.0
EDFEAFCEECC,1.0
ADDDFCBDCFEB,1.0
CDDCDACFFDD,0.0
DDDDDEDBBCFEE,1.0
DBEABEDBABDEA,0.0
FFEA,0.0
BDDEB,0.0
DDDE,0.0
BAADABFFBFCFCD,1.0
AABCCDFC,1.0
AADDAFDD,0.0
EADCCFAE,1.0
EDFBCFCCADDCC,0.0
ADDDCEDD,0.0
BAAFBEEBDCEFE,1.0
BFEEDCBDDCDEA,0.0
DEECDFFABCCDCA,1.0
DDCECACB,0.0
CADB,0.0
ECDAE,0.0
EBEDBDAC,0.0
CFCBBAACFBAA,1.0
FCACFCACCBDCF,1.0
EACFCDDCBADEEC,0.0
BCFEDAFBBCBDB,1.0
ECFBAAFBDCEED,1.0
EABCEBBABDCACF,1.0
ACEDFDDBFBF,0.0
FBBDEFDABCFEEA,1.0
DFBFCAF,0.0
AEBCABDDEDDE,0.0
EAEFAFCDAED,1.0
EEACBDEFCABBC,0.0
DACDDAEAAC,0.0
EBAAACCCBCA,1.0
DCFFFAC,0.0
CAFCA,0.0
BECFACC,0.0
ADEFEBCFBEAED,0.0
EFCE,0.0
BEEDBCC,0.0
CCCF,0.0
FAFBDEFBBAAF,0.0
ACCCEDE,1.0
BBFDCAEEADDC,0.0
BCFEFDADBDC,0.0
CDBACAFA,1.0
ECDACCFCAFB,0.0
DFFEBADBFCDEF,1.0
DDBFBFECABAB,0.0
FEBABEBACCAABA,1.0
CAEBCCACC,1.0
AACEABCCDDE,1.0
FBDE,0.0
DDAFCF,0.0
ECFBACEBB,1.0
EECBCAACBACBAF,1.0
DEFAFBAECADDC,1.0
BAFCEACB,1.0
DCBCCCCC,1.0
AEEDFCBBCBFC,1.0
FBEFDFDCAACD,0.0
BFEFB,0.0
AADF,0.0
AABECDF,0.0
BBEBCBADCDB,0.0
BECCEEDFBFCEDC,1.0
ADBBCEFABCCECF,1.0
CBDBEBECBFEC,0.0
ABCD,0.0
CACAEEABECBDB,1.0
EDFD,0.0
ADBBCFCADBBBA,0.0
FABECFCDABDF,0.0
BCDAABCFCFE,1.0
FBFCFCAEA,0.0
AACFAFC,1.0
AACAFAA,1.0
BEAAABDE,0.0
FDDDCDC,0.0
CEBFCBFBAAA,0.0
BAFEFBDBEECEB,0.0
FCFDCAFCC,0.0
EAADDDDBBCECE,1.0
DCBECCAADE,0.0
EBBBEAABBACEBC,1.0
DBCAEBFAF,0.0
CAADAA,0.0
DFAF,0.0
BFBFCCFC,1.0
FCABCFDBE,1.0
DCDBDAFDCFAD,0.0
ABCBDEE,1.0
CDCDBAEBBA,0.0
AECFBFA,1.0
EACDBFBDCADA,1.0
ACABEDAEF,0.0
DEABDDACDFAC,0.0
DEBFDAACFEBB,1.0
DEFFDAEAECADDC,1.0
DACCBDAFBA,0.0
BDCE,0.0
ABCE,0.0
CAECFCED,1.0
ADCCACF,1.0
CBABBCBBA,1.0
FDAFAACCDFFC,1.0
CEDBDCCCC,1.0
EAADBC,0.0
BCBCBECBAF,1.0
ECFDBEFADCBFAE,1.0
AFFAFCFAFB,1.0
CBBEDBDA,0.0
DBEFBFACCBCCCF,0.0
EEEABBCCC,0.0
CAAECEEABAFBD,0.0
FBCDFFCCAB,0.0
EAFCECFB,1.0
FFBAAFFADAB,0.0
FDDDCAEEDCCF,0.0
AFCFACB,1.0
ABCBEAD,1.0
ACDCBCCADA,1.0
DDACFEEDADCDE,0.0
DDACAEABADCB,0.0
ABCDCDF,1.0
ACFADA,0.0
FEAF,0.0
CBBCCFAB,1.0
CDEADCABAB,1.0
FBDADCBACBFE,1.0
DDEDBEBDB,0.0
FFCEDAAABCCDBD,1.0
BFFDBECABE,1.0
DCAFDABFFCAAF,0.0
FABCFAAB,1.0
DBDBEBFCA,0.0
EEBCDBEEBDCCEB,1.0
CFCBAEBEBAF,0.0
AACCCDBE,1.0
DECACCCEFB,1.0
AFFDBBECACD,1.0
ABEABACFEF,1.0
FDCDBACAAE,1.0
CEABCCEEA,1.0
EFCBBA,0.0
DBABF,0.0
FCACBACCFCDC,1.0
BACCBDEB,1.0
ECBDCF,0.0
DADDFABCACF,0.0
FAFDBCCECACEB,0.0
BCEDFEECFECA,0.0
BDEDCCFAFCACFD,1.0
FDADACFABF,0.0
FDCBCAAABCCFDC,1.0
CCEEDCCDBECEAE,1.0
BDBAAFEAE,0.0
AFAEDBACEEB,1.0
DCDFBFBBCAC,0.0
EDDEE,0.0
BEEBBCCBCEDE,0.0
ECBAD,0.0
AFDEEDEACDB,0.0
EBDBAEDBABFCA,0.0
DFBBDABAFC,0.0
AFCEDCA,1.0
ABBFCAFFA,0.0
BDAFBCFBBCCFF,1.0
ADAC,0.0
BFEEBEEF,0.0
AEADDBDCBDF,1.0
EBBAFACADCDACD,1.0
BCBBCFDB,1.0
EBAABCBAFAF,0.0
BFBCCBCF,1.0
DFFDAD,0.0
DCCEDC,0.0
CFEBCCACFFFFF,0.0
FCECCCAFFBA,0.0
AAECFBAACFCAF,1.0
ECCABABECBE,0.0
BFDEABAFCFDDB,1.0
AAFDEBAAFCEBCD,1.0
AACCFACD,1.0
FCFBCEEABCCEFA,1.0
BEBB,0.0
EFBFEADFEAAD,0.0
DADCD,0.0
EBFDCCEFFF,0.0
DEFDAECCCFD,1.0
DBFCDFE,1.0
DCEABCBAA,0.0
DABDCCBD,1.0
BAFBBCBFD,1.0
FDDACBCAAC,0.0
DAFCFBFCDBA,1.0
FBBDBFCFCDCCAE,0.0
CCCBDCDCC,1.0
DFCAD,0.0
DEDDAAACCAFD,1.0
EADDAAFBBBEBCD,0.0
DCAEAACDAED,1.0
EDDAACCCAAD,1.0
AFFABCCFCD,1.0
FFFAACCAEEBFE,0.0
BBECAAD,1.0
FCEAFFCEEA,0.0
ACBEDDC,0.0
CCDA,0.0
CBAFFAACFFDB,1.0
FBEEBBECFFA,1.0
BBEDEEDDCCDD,0.0
EEEDCEDDA,0.0
ECBAFCCFFBEAFB,0.0
CECCFCFA,0.0
BDCAAECAACA,1.0
ACEBFABACBAA,1.0
FEADEFCCBCCDFB,1.0
CCDFDD,0.0
BDCBEDBFCCAF,1.0
AFDAAFCEBFED,0.0
CECBDECCBACBFB,1.0
CEBADBCDBFB,0.0
CADCEDDE,1.0
ABFCFCD,1.0
BABCCAEA,1.0
DBFA,0.0
EDCEEDFAFBDACE,0.0
FBABCCFBD,1.0
BABBECBCD,1.0
BAAFABFCACA,1.0
DFCABAFE,0.0
CDBAFCDDDA,1.0
FCDEADBFC,0.0
ADDADECDCEEED,0.0
CAFAECAADD,1.0
EBACEFF,1.0
CAFCDDCA,1.0
CFACFD,0.0
DFEDCEADCBBEC,1.0
FAECCEFF,1.0
FAADCECEA,1.0
EDDBFCACDEFF,0.0
EBFFE,0.0
BEEDDABBFCEDA,1.0
ACCAFDC,1.0
DDAFCAFFF,1.0
AABABDCACBCAE,0.0
FCACDAEAACB,0.0
DBAFBFCEBE,1.0
DFBDACBFAB,0.0
FCFECDCABFCDAB,1.0
CBCBAECDDEB,1.0
DDDAEFFEEAADAE,0.0
CAFCFDDD,1.0
DEFFDBEAFEEBDF,0.0
ABCCCCF,1.0
ABCCABE,1.0
CEADDBCCAAD,1.0
DCFBCCAEC,1.0
CECDDFABDCDADE,0.0
ACCF,0.0
CCDEBBF,0.0
CAADA,0.0
BAABCDD,0.0
AAAABABFADDA,0.0
EFBECCAB,1.0
FEEEFAED,0.0
BBDDDBBDCBCE,1.0
DAACEEBA,1.0
CDACD,0.0
DFBDEFBCCDBD,1.0
BBAEBBBFCEDB,1.0
BBAEADBEEFFB,0.0
EFABBBBACFBC,1.0
BEEE,0.0
FDCAFABCCFEC,1.0
BDDFDAADAFC,0.0
DCECACE,0.0
ADCCCDCBDACF,0.0
EEBAF,0.0
CBDE,0.0
BFDFEECEBFF,0.0
AFDBFCCECB,0.0
FBAE,0.0
FEAABECDEE,1.0
CEAAAAACCBAAA,1.0
CBDECFFFFCFBBF,0.0
CAAEABCCADE,1.0
BFBEECADFFDB,0.0
FADBCAAADCAFBF,1.0
AECFBEDBCA,0.0
DDFBE,0.0
ECDACFBA,0.0
ABCCCDD,1.0
EEDDFFEDDBFC,0.0
BEDFAFCDAFA,1.0
FABCCDEA,1.0
FFDFFCABCCACC,1.0
AACDBEE,1.0
FAEBBD,0.0
AEFBDB,0.0
DCBFCDBAECFBEA,1.0
BEAECBECEAD,1.0
FDDCDECBCCECE,1.0
ECAAADFADCEFCD,1.0
CCDDDC,0.0
DDEEBCCCBA,1.0
AEFAFC,0.0
EFDDBACEDA,1.0
BDACDECCCCBB,0.0
AEDBCADABCABDC,1.0
EAFDBCCCBE,1.0
BACEEAAEBF,0.0
EABDBFBE,0.0
DFAECABFA,1.0
DBDBFBDADECCDA,0.0
EBABDFEBDCFAB,1.0
BBAAFDDADBEDF,0.0
EEBBEEFDFAFBD,0.0
ADFDABFCBAC,1.0
FBBFEDAE,0.0
CBFBDFCDEFF,0.0
CDCBCCDFD,1.0
BCFFABCCBFC,1.0
BEAADEFFEC,0.0
BBEEAB,0.0
ACBFB,0.0
ACADDFACFB,0.0
AECBEDDAEEBCCD,0.0
CABBC,0.0
FCFABACEBF,1.0
FFABECBDCDBA,1.0
BBDBDACFC,0.0
DEFFBACDBC,1.0
DDFFBDABFCAFF,1.0
AADFFBDCDCB,1.0
EFEBABCCABB,1.0
ECEEFBBBCDDB,1.0
CCCEAFCAECACFA,1.0
DCFAADCDBFB,1.0
DADCA,0.0
BFDD,0.0
BFEBEAEEE,0.0
CAACEFBF,1.0
CEDBEDFABDCCCC,1.0
BCBBBCADDBED,0.0
CEDCBDDCABFC,0.0
DACCDCDBCEE,0.0
EFBECEBBCDEB,1.0
BCDDCABCFBAA,1.0
CABCBCBB,1.0
BDDEAFBBDDF,0.0
FCEAEFECEE,0.0
CBECDACCCFEF,1.0
CBBDCCEDDDAF,0.0
CBADCBDCEAB,1.0
BDFABDFCE,0.0
EEAFBCCFFC,1.0
ABDEDEAACCCBAF,1.0
AEAFEEBDCADBAE,0.0
DEBACCDD,1.0
CAFCCBFD,1.0
EBCFBACCABAF,1.0
EDDDFFCBFFAF,0.0
FECBBECCCD,1.0
DAECEE,0.0
DCCD,0.0
ACCDFAF,1.0
ECEACCCCBF,1.0
ECBDCDDD,1.0
AFFDEB,0.0
AACFCDB,1.0
DFEBCCEFB,1.0
DADFCDC,0.0
DABEFCDAFCFEAA,1.0
EFBBFBA,0.0
ABCADDF,1.0
EAAABCCBFB,1.0
FACAEBDDBDCDBC,1.0
FAFDA,0.0
CACFDCDABECCEE,1.0
FEEADACCBECFBB,1.0
BEABAFDCCAAA,0.0
ECFCAFBE,0.0
AFEEBCCBBECBEE,1.0
FEAAABCCDDA,1.0
BBDFEAAECAEAF,1.0
BBBCDFE,1.0
CBBECFCA,1.0
EECBFBBDCFBE,1.0
EABDCFED,1.0
FECBBCABFCEAA,1.0
ABCAAED,1.0
AAEAFCEFF,0.0
FFAECAABACDAE,1.0
ACEECC,0.0
BADE,0.0
CFFADEAEBAEE,0.0
AFDFCA,0.0
EAACCAAC,1.0
EDFEDEAFABDBEE,0.0
DDCDDCABDCFDC,1.0
AFCEDBB,1.0
CADBEBB,0.0
BBDCBAB,1.0
BDBFDB,0.0
EBDCEEA,1.0
CBBCED,0.0
AAAFF,0.0
FBBDBDFAACDBFB,1.0
FCECACCABCCFEB,1.0
AAECFDBACBBB,1.0
AFCEABCECCAF,0.0
DABCCEEB,1.0
ECAACCBAD,1.0
DCAACB,0.0
FEAACAACCFAB,1.0
EADBBDCCFC,1.0
EFCBBC,0.0
DFCBDBCCEEB,1.0
DCDECFCEFDCEC,0.0
BEABCCAEA,1.0
AABCFCBC,1.0
ECACBDBBECDDF,1.0
BBAEDFAAEC,0.0
FBDFCDDC,0.0
DBCCBEC,1.0
AFEADFF,0.0
CAEFEEEA,0.0
AFBFCBCE,1.0
DAAAFFBDBDD,0.0
CBDAEADCBBBF,1.0
DEECCDEBABF,0.0
EEFDE,0.0
DCDBEDEDE,0.0
FCBC,0.0
CBFAF,0.0
EADAECCCF,0.0
EDBBBDCEDEEA,0.0
FCABCDFFF,1.0
ADAEFBFE,0.0
CABCCED,0.0
BACDEE,0.0
CECBDAECEF,0.0
BAAFCADCCCEB,1.0
BDDABEBEECBAEB,0.0
DFCCFCEED,0.0
ECFBEBBDBCBFDA,0.0
EEEECA,0.0
ABCCCCF,1.0
CDCCFAFBBCCCF,1.0
BDDACEAEDDB,0.0
BAECFDFFBAFFA,0.0
EBABBEEABCCABC,1.0
CBFCBDF,1.0
BACCD,0.0
DADAACCFBB,1.0
DBEABCCECD,1.0
DEBECCAA,1.0
DBCADCBEDB,1.0
BACBBFDA,0.0
DEAAEAFADCAD,0.0
EEDEB,0.0
CFBDEDEDBECBEC,1.0
BCCFFCCFD,0.0
BDCAB,0.0
AFEEACCAEB,0.0
BFEFFACDDDFEAE,0.0
ABAEA,0.0
CABCCAFF,1.0
FAAFCDFBF,1.0
EDFDCBFCFFF,1.0
CFABCCFEC,1.0
CFAEADEADCADAF,1.0
FECEFFEBACBEB,1.0
AFAEFFADCDECAC,0.0
AACCABF,1.0
EBEDC,0.0
CFBDFDDEBFFBF,0.0
AEDFAECAAFD,1.0
EDEDDCDBCC,0.0
EFDCEBFCEEE,1.0
FBFABBCCFA,1.0
BCBBEBFCFBA,1.0
ABDAECCFFF,1.0
CEDBCBFEEDE,0.0
BDDECEBAECFFCD,1.0
BBEECEDF,0.0
EDCABBAEFEBFCC,0.0
BBDBFEBFCCAE,1.0
BBBCEDAEFEFA,0.0
BBCEADCBCCEFC,1.0
BAACCABEB,1.0
ACDFDADABBCCD,0.0
BEACAECDFCA,1.0
CFDBAEFDABE,0.0
CABAEACCBACDFD,1.0
BABCCDDD,1.0
AACBBBC,1.0
BECD,0.0
EAFFFAFC,0.0
AACEEBDCAEFAB,0.0
DDBDFAECBEED,1.0
AFCDEA,0.0
FBADDCDF,0.0
ADCFDCB,1.0
FFBCCFAF,1.0
CAFCFCFA,1.0
AEAFFBECDDE,1.0
CFACBDCFEE,1.0
ADCAFCDFEF,1.0
BDDAABCCFEF,1.0
FFCBF,0.0
DBEEBAAFB,0.0
FADFEACBADEFDA,0.0
FEBEEFDDEFEAB,0.0
CAEBFDBFCBEC,1.0
FFCBFBBCFAE,1.0
EFABCCADE,1.0
BAEAFAADBDCABE,1.0
AACBDCBFCCEF,1.0
FFACAABCDC,0.0
CCBECCABEAFF,0.0
EEDAFDFACCEEFD,1.0
FCBECBFE,1.0
BFBFCF,0.0
ECADDFCEDC,0.0
ADABDFDDBD,0.0
BFBAFABCCDBB,1.0
CABAECBDEDB,0.0
AFBCABCEDACE,0.0
DACDBFCC,0.0
CCDFDEDBDEADBF,0.0
FFBACBACFDA,1.0
BECADFF,0.0
CCBABECADCFDEA,1.0
FDFE,0.0
ACBAFCA,0.0
DAABCAEBFCFFB,1.0
FDDFFFFDBFBF,0.0
ABCCBCB,1.0
ADCFDFF,1.0
AFFBFEBABCCEFC,1.0
FBEEDACAFEC,0.0
DFABCCFCB,1.0
AAECBFEF,1.0
ACDAABDCCCB,1.0
BCBADABCBDBA,1.0
AFAFBECCCDBDB,0.0
BACDACF,0.0
DBFCCDEFD,0.0
EFDCECEEDCA,0.0
FCFBEAD,0.0
EBBFAA,0.0
DEFCAEB,0.0
BEBCE,0.0
FAAFBFFDBDCB,0.0
DCFDA,0.0
FDEFBFC,0.0
DFFDDCEFABCFE,0.0
ABBCCAAD,1.0
ECBCCBAE,1.0
CFFEBCCEFA,1.0
CAACAAAECFCAE,1.0
ABFABCFDEB,1.0
DBDCCBF,1.0
CCCDEADBEACB,0.0
DBCEAEACCCAFC,1.0
DECCBBAAF,0.0
DEDBACBEE,1.0
EEACEFBBBDCBFE,1.0
EFCEEAEBCCDADD,0.0
FEECBCEEEFDBFF,0.0
BCBABCAC,0.0
FACACBDFCDFA,0.0
DBEFBBDB,0.0
BFABADFABFCBAA,1.0
CCACCBCCFE,0.0
BABCA,0.0
DAACCADC,1.0
CCEBCAABCEFFE,1.0
FDBEABCCBFE,1.0
EFABBFCEEB,1.0
BDFECACCAECBBD,0.0
AFAEEDFA,0.0
EECBCEAACCEAC,1.0
ADDABECDCA,1.0
BDCEFC,0.0
CBEDFDDFEADDF,0.0
BAAAC,0.0
CDEBBECAFCBACA,1.0
DDCBBEADCFD,0.0
FDFF,0.0
CAFDACFCADE,0.0
DCEACEAB,0.0
ACCFDFFCCBBCD,0.0
AEAACBCDE,1.0
AEBFCEBB,1.0
ECFDABCCEBF,1.0
DCBECABCCACC,1.0
EABFEDAFBBBCBF,0.0
DFDF,0.0
BABECBDE,1.0
CBFDDAEC,0.0
BBDDDD,0.0
CFEBCFCEBCEA,0.0
AEBABAED,0.0
ABCCFAE,1.0
CCECF,0.0
EDCFFDCCFF,0.0
CEABFCBAF,1.0
DCBBDABABCCEBA,1.0
CDDAEEDEBCCEAF,1.0
FBAACACCAEDA,1.0
DCABCCCDD,1.0
CFFBDABB,0.0
DDEBEEFDCD,0.0
CEAFCDEDA,1.0
BAACAACACFE,1.0
CEDDBF,0.0
DDEBCBFDAFDDF,0.0
DBCFAABAABEF,0.0
FABACCBBFB,1.0
BBACD,0.0
DFCEDA,0.0
BADFEDFCDDD,0.0
BABCEECE,1.0
DAABBFFBE,0.0
FCBFFBEA,0.0
DFDCEFBAA,0.0
EDBBCFAF,1.0
ABAECCECC,1.0
ADEDBFAFBCCDAF,1.0
AAEDD,0.0
FAAAC,0.0
BABCADCDABF,1.0
FABADEDDCD,0.0
CEFFCFBFEBADC,0.0
BDBBAFDDFBEAEB,0.0
AAABBDDBCCAED,1.0
DECEAACCACEC,1.0
AAABCDBBB,1.0
BCBBCFAE,1.0
AFCFDFA,1.0
DFEADAAAEABD,0.0
FFAFBFDCAFAEFE,0.0
BDBACEFC,1.0
AEBFAAECCBBB,1.0
CFDA,0.0
FCECBECBCE,1.0
DBECECB,1.0
CAACEADB,1.0
EAACBDEA,1.0
FBAEEEFDB,0.0
CFBECDBA,1.0
ADBCFFFCDEE,0.0
ACCDBBCFDEECE,0.0
FDFEA,0.0
FDCFEABCCECA,1.0
CDDABBCAFB,1.0
BCAD,0.0
EEBBFABCFCAE,1.0
BBEFA,0.0
ACDAFFB,0.0
CBBEEBEB,0.0
FBBACEEECF,0.0
FABCCBEC,1.0
FAFAEAFDFEFD,0.0
CAEEFDDDA,0.0
BBBDEB,0.0
AABECBBFCFAE,1.0
DDDFFBDBFCBFE,1.0
FAABCCDDE,1.0
FCBCAFCEFDC,1.0
EAEBFDBBBDCFED,1.0
ECDCECAECAAECA,0.0
CCDFFABCCFFE,1.0
CFFFBECABE,1.0
EEBEAFFFEBDBA,0.0
DFDBEDAFCF,0.0
CAAFCEDAA,1.0
DCFBEABCCBFA,1.0
CACEBEFBECAFA,1.0
FAAFAAF,0.0
EFBCCFAA,1.0
FBBCEFF,1.0
CEBCABCCCEA,1.0
ADFFCA,0.0
DAABCCDCF,1.0
BFBAEADCBBBBA,0.0
DAFFEDAED,0.0
AACAACF,1.0
CFDAB,0.0
BEDFAACEFDD,1.0
EFDFA,0.0
ECDEFBFBAACC,0.0
BEFCFBF,0.0
CADEDD,0.0
FCAD,0.0
BCFDAECEFCE,1.0
DBFFBECBACBDD,1.0
CFAEEEAACEDC,0.0
CACDCCECBACAFF,1.0
FEDBFEFCC,0.0
AACFBBE,1.0
EBACCFE,1.0
BADABCCACE,1.0
ADEEABCCCED,1.0
BFEFCAABA,0.0
FCFDEBABCCEAF,1.0
CDBE,0.0
CDDEEADAEDDFCB,0.0
EABCCBCF,1.0
DDABCFBFA,1.0
EFDBECECB,1.0
AFBABECBDCCEE,1.0
ADACEACBBB,0.0
BCEDEDCDBCDE,0.0
BEEDCAC,0.0
DABEBBBACAFB,1.0
CCFADCEFFF,1.0
EADCFDBCEBDBEC,0.0
ACFBAAABCCBFB,1.0
AABCCAAB,1.0
ABFCFAE,1.0
DDEAACE,0.0
AEBFAFFDECBFA,0.0
BBCAABFAECCED,0.0
BCEADEDFFCEBE,0.0
CBDFECBCDBFAEC,0.0
EDFEABCCDBC,1.0
FEDBACAACBFDE,1.0
BADACFBBCECD,1.0
EAEEFEDDADA,0.0
FDAF,0.0
BABDFAFB,0.0
DEBAACECB,0.0
CDCFFFDDEEDCC,0.0
EBCCAAECECAD,1.0
FBDCCEA,1.0
CABDEFBD,0.0
FDCFEF,0.0
CEAABCCCEB,1.0
CAADCABDCFDE,1.0
DBABCCEDB,1.0
FECABCCBDF,1.0
BCBD,0.0
AFCCAACCAEE,1.0
ACBFCFCF,1.0
DACED,0.0
DACEDEAEFCCAC,0.0
CAFDCCB,0.0
DFDBACCBFCA,1.0
AFBADDBBECAAE,1.0
AACDEAF,1.0
ABDA,0.0
EAECAECDFBC,1.0
AFAAABDDEDEDCC,0.0
EADAEBFACCAAEB,1.0
CAFABCCEBD,1.0
EAEAAAFFBBDDCF,0.0
DCBCFAABCFADD,1.0
CAACEBCB,1.0
DCBDBFAECCCFC,1.0
FAEACEC,0.0
EAECEDDCBE,0.0
BCBACDBCBCCFEC,1.0
CDAFCCA,0.0
BDFFAACCDAFC,1.0
ABDCDBB,1.0
CFAABEAECFEBB,1.0
EAAACFBBD,1.0
FFDE,0.0
FDEEEDADFDDD,0.0
EFFBCEFAFBCBAF,0.0
CBCAEDFCDC,0.0
CFFBCAEA,0.0
AFCFCFA,1.0
BDDCAFBABACBCF,1.0
DCAEDBACBDEAEC,0.0
EAABCCFCD,1.0
ABBBEAAFCCEAE,1.0
DAABDD,0.0
DAFBBFFEF,0.0
BDCCFDAAEA,0.0
EBBEEABCCBDC,1.0
FBFCBBB,1.0
CBCEEBE,0.0
EECECBC,0.0
ADEFABCCEEA,1.0
DEBD,0.0
ADADCCCAFCBE,0.0
DEBACFABCADDE,1.0
BEAAABCCBDB,1.0
DBFBABECBECDFC,1.0
CEDDBAFCABAD,1.0
CCDCADDABCCFDA,1.0
DDEDCACCAEEC,1.0
BFFDACCBFCF,1.0
ECDCECCACBB,0.0
CBAB,0.0
DDAEAFAECDEBA,1.0
DFAE,0.0
EDDEDBBABCCBAE,1.0
FADADA,0.0
CCEE,0.0
DCECEBE,0.0
CBEDCACBFA,0.0
FDCDCDFCDDEAFB,0.0
ADFBACFDE,1.0
AEDDFEB,0.0
DADCCDADCEFAE,1.0
EBBCEDA,1.0
ACFDCDFAFB,0.0
ABFCEFFC,0.0
ECBCEDBCBDAA,0.0
CABCCBCD,1.0
FDAADCCDAF,1.0
ACFEDCFABCCDCF,1.0
AEBAB,0.0
AFFDABBCAAF,1.0
BCBBBCCFF,1.0
DCEABCEAEA,1.0
DFEDBBDCCABEE,0.0
DFDAFDE,0.0
CFCFAFFDECBA,0.0
EBDEEC,0.0
BEBEADFB,0.0
BACEFACDAB,0.0
CFAFCCABCEDCC,1.0
EEBABCCBBA,1.0
ACCFDDCADF,0.0
BBDCCAF,1.0
DFDFA,0.0
BDFFDEEACDAA,0.0
FABCEEEDBCA,0.0
DEDABCCEDF,1.0
DFFEADBBFCEBED,0.0
